t,min_obstacle_distance
2.382786759,1.981216549873352
2.38283586,1.981216549873352
2.502309447,1.9859468936920166
2.504591243,1.9859468936920166
2.620370637,1.9916146993637085
2.620409067,1.9916146993637085
2.727309275,1.9910359382629395
2.727652874,1.9910359382629395
2.840401784,1.98365318775177
2.840449356,1.98365318775177
2.956671429,1.9834455251693726
2.956912956,1.9834455251693726
3.084302127,1.995051622390747
3.085128994,1.995051622390747
3.202855218,1.9937230348587036
3.202907175,1.9937230348587036
3.333451836,1.9648276567459106
3.333512255,1.9648276567459106
3.457041753,1.9940835237503052
3.457070034,1.9940835237503052
3.575680869,1.987685203552246
3.576937897,1.987685203552246
3.688081841,1.9872796535491943
3.688122947,1.9872796535491943
3.79888485,1.9865413904190063
3.799344167,1.9865413904190063
3.90181306,1.967904806137085
3.901882731,1.967904806137085
4.005534399,1.9790583848953247
4.005658809,1.9790583848953247
4.108705755,1.990941047668457
4.109045363,1.990941047668457
4.214703805,1.983826994895935
4.21474193,1.983826994895935
4.317535482,1.9853633642196655
4.317646868,1.9853633642196655
4.420040904,1.991469383239746
4.420389382,1.991469383239746
4.526189039,1.9778664112091064
4.526233769,1.9778664112091064
4.630334738,1.9807895421981812
4.630420163,1.9807895421981812
4.733395154,1.9899481534957886
4.733424116,1.9899481534957886
4.836637121,1.9894546270370483
4.836760304,1.9894546270370483
4.93749632,1.9900416135787964
4.937791765,1.9900416135787964
5.040953548,1.9847214221954346
5.040990093,1.9847214221954346
5.142576497,1.9948575496673584
5.142826614,1.9948575496673584
5.245615611,1.9924546480178833
5.245926425,1.9924546480178833
5.346937044,1.989134669303894
5.34732778,1.989134669303894
5.450382081,1.9879720211029053
5.450559027,1.9879720211029053
5.550753492,1.9809653759002686
5.550852342,1.9809653759002686
5.655833909,1.9842712879180908
5.656069201,1.9842712879180908
5.75710527,1.9835126399993896
5.75725837,1.9835126399993896
5.858981498,1.988598346710205
5.859359175,1.988598346710205
5.962513618,1.9840563535690308
5.962608534,1.9840563535690308
6.06578611,1.9905762672424316
6.065867666,1.9905762672424316
6.165742581,1.9758687019348145
6.166075173,1.9758687019348145
6.269589968,1.9880205392837524
6.269896478,1.9880205392837524
6.373229441,1.9901998043060303
6.373589016,1.9901998043060303
6.476795463,1.9910844564437866
6.476937553,1.9910844564437866
6.57810923,1.9937009811401367
6.578146464,1.9937009811401367
6.682257065,1.987002968788147
6.682515869,1.987002968788147
6.782479406,1.9893282651901245
6.782787864,1.9893282651901245
6.890963975,1.9929200410842896
6.891055792,1.9929200410842896
6.990189646,1.9795860052108765
6.990434278,1.9795860052108765
7.092779522,1.9874926805496216
7.092929179,1.9874926805496216
7.197604268,1.9703888893127441
7.197710902,1.9703888893127441
7.302050502,1.9860504865646362
7.302082835,1.9860504865646362
7.403289418,1.9906150102615356
7.403361007,1.9906150102615356
7.511980182,1.98464834690094
7.512014295,1.98464834690094
7.612729486,1.9844752550125122
7.612759499,1.9844752550125122
7.715000361,1.9823702573776245
7.715052422,1.9823702573776245
7.822154264,1.9760322570800781
7.822763426,1.9760322570800781
7.928767634,1.982737421989441
7.929433298,1.982737421989441
8.028934211,1.9894174337387085
8.02936348,1.9894174337387085
8.131907913,1.9876911640167236
8.131980276,1.9876911640167236
8.233382474,1.9940317869186401
8.233416498,1.9940317869186401
8.337020506,1.9906644821166992
8.337060417,1.9906644821166992
8.438329474,1.9757671356201172
8.438454997,1.9757671356201172
8.542149641,1.9888532161712646
8.542193341,1.9888532161712646
8.649427139,1.9961429834365845
8.649714052,1.9961429834365845
8.757971575,1.9736344814300537
8.758183788,1.9736344814300537
8.859791868,1.9712190628051758
8.85982169,1.9712190628051758
8.963021559,1.9729841947555542
8.963066129,1.9729841947555542
9.065514747,1.9806214570999146
9.065809759,1.9806214570999146
9.166426543,1.97896146774292
9.166485731,1.97896146774292
9.266813756,1.973571538925171
9.267095126,1.973571538925171
9.371413531,1.971612572669983
9.37157413,1.971612572669983
9.472359418,1.9898158311843872
9.472522865,1.9898158311843872
9.577677404,1.9740257263183594
9.577768993,1.9740257263183594
9.677732351,1.9849450588226318
9.677955684,1.9849450588226318
9.779978992,1.9870647192001343
9.780074339,1.9870647192001343
9.882429157,1.9903813600540161
9.882610437,1.9903813600540161
9.983574208,1.9918996095657349
9.983653284,1.9918996095657349
10.087098797,1.975156545639038
10.087252527,1.975156545639038
10.188924388,1.9784860610961914
10.188950576,1.9784860610961914
10.290617558,1.9887585639953613
10.290661095,1.9887585639953613
10.396960074,1.9909915924072266
10.397120722,1.9909915924072266
10.498292431,1.9874850511550903
10.498334974,1.9874850511550903
10.602376723,1.9809316396713257
10.602497765,1.9809316396713257
10.704228679,1.9766582250595093
10.704320253,1.9766582250595093
10.813306402,1.9855778217315674
10.813534719,1.9855778217315674
10.914920064,1.9844471216201782
10.915309996,1.9844471216201782
11.019367799,1.9886317253112793
11.019555138,1.9886317253112793
11.11967529,1.9877045154571533
11.119746937,1.9877045154571533
11.226447766,1.986429214477539
11.226718014,1.986429214477539
11.325580743,1.9897783994674683
11.325621415,1.9897783994674683
11.430719434,1.9885773658752441
11.431061697,1.9885773658752441
11.531773149,1.991712212562561
11.531803824,1.991712212562561
11.648251619,1.9794936180114746
11.648417749,1.9794936180114746
11.748576107,1.9835779666900635
11.748902154,1.9835779666900635
11.851988033,1.9836946725845337
11.852433991,1.9836946725845337
11.95305133,1.981433391571045
11.953110177,1.981433391571045
12.059203128,1.982862114906311
12.059235228,1.982862114906311
12.158188115,1.9865258932113647
12.158557333,1.9865258932113647
12.262292569,1.9869732856750488
12.262344094,1.9869732856750488
12.364847877,1.9871435165405273
12.365002638,1.9871435165405273
12.46763737,1.986251950263977
12.468214323,1.986251950263977
12.570112464,1.9755258560180664
12.570160748,1.9755258560180664
12.674102091,1.9917274713516235
12.674763002,1.9917274713516235
12.778040151,1.9855692386627197
12.778114794,1.9855692386627197
12.87819691,1.985132098197937
12.878226193,1.985132098197937
12.977457208,1.9857515096664429
12.977667009,1.9857515096664429
13.083618009,1.9947643280029297
13.083778135,1.9947643280029297
13.184756137,1.9853144884109497
13.184796632,1.9853144884109497
13.286425724,1.9706919193267822
13.286456575,1.9706919193267822
13.389563232,1.9713916778564453
13.389847716,1.9713916778564453
13.493461382,1.996095895767212
13.493690432,1.996095895767212
13.59613073,1.985375165939331
13.596633622,1.985375165939331
13.702786684,1.9815226793289185
13.703035561,1.9815226793289185
13.803895809,1.9924249649047852
13.804005565,1.9924249649047852
13.907755943,1.9801723957061768
13.907950345,1.9801723957061768
14.00977956,1.9732102155685425
14.009966437,1.9732102155685425
14.1119054,1.9845421314239502
14.112004632,1.9845421314239502
14.212065706,1.9898372888565063
14.212347871,1.9898372888565063
14.315243071,1.9812899827957153
14.315271433,1.9812899827957153
14.416556782,1.9790111780166626
14.416583566,1.9790111780166626
14.523269999,1.9833049774169922
14.523316888,1.9833049774169922
14.622450867,1.9905788898468018
14.622688765,1.9905788898468018
14.725200794,1.9845539331436157
14.725233404,1.9845539331436157
14.826780914,1.9718152284622192
14.826811857,1.9718152284622192
14.929150824,1.9816370010375977
14.929199674,1.9816370010375977
15.034671092,1.9936894178390503
15.034945724,1.9936894178390503
15.135286358,1.9791711568832397
15.135442858,1.9791711568832397
15.235295291,1.9746835231781006
15.235448718,1.9746835231781006
15.338139873,1.9871796369552612
15.338374222,1.9871796369552612
15.439790494,1.9908950328826904
15.439908585,1.9908950328826904
15.542965175,1.9929289817810059
15.543014865,1.9929289817810059
15.644425568,1.9838805198669434
15.644465517,1.9838805198669434
15.746344579,1.9886219501495361
15.746391019,1.9886219501495361
15.850382939,1.9825174808502197
15.850532355,1.9825174808502197
15.950654479,1.9858142137527466
15.951033108,1.9858142137527466
16.051859845,1.987055778503418
16.051960317,1.987055778503418
16.155750047,1.984415888786316
16.155796277,1.984415888786316
16.254226145,1.9910590648651123
16.254262493,1.9910590648651123
16.359057419,1.986258864402771
16.359153037,1.986258864402771
16.459252746,1.9869393110275269
16.459307525,1.9869393110275269
16.563693482,1.9901765584945679
16.56373512,1.9901765584945679
16.66667049,1.986951470375061
16.666787769,1.986951470375061
16.769829484,1.976088285446167
16.769983204,1.976088285446167
16.873603965,1.9819906949996948
16.873645053,1.9819906949996948
16.977054713,1.9784061908721924
16.977084579,1.9784061908721924
17.079863204,1.9871366024017334
17.079918555,1.9871366024017334
17.18268924,1.9817261695861816
17.182735004,1.9817261695861816
17.284903012,1.9840247631072998
17.284957063,1.9840247631072998
17.387453938,1.9805212020874023
17.387483774,1.9805212020874023
17.489438856,1.9773327112197876
17.489479805,1.9773327112197876
17.595375168,1.987967610359192
17.595437773,1.987967610359192
17.69559098,1.9872300624847412
17.69566138,1.9872300624847412
17.80269914,1.9845350980758667
17.802752829,1.9845350980758667
17.901039773,1.991395354270935
17.901406677,1.991395354270935
18.00396864,1.9840174913406372
18.004094933,1.9840174913406372
18.10722393,1.9948804378509521
18.107256113,1.9948804378509521
18.211148499,1.9760901927947998
18.211424012,1.9760901927947998
18.31325385,1.988490343093872
18.313491717,1.988490343093872
18.415370507,1.972653865814209
18.415397733,1.972653865814209
18.519198082,1.9787927865982056
18.519227126,1.9787927865982056
18.621975672,1.983012080192566
18.622163888,1.983012080192566
18.726247697,1.9844764471054077
18.726278151,1.9844764471054077
18.845403693,1.9777307510375977
18.84544548,1.9777307510375977
18.946397555,1.9916095733642578
18.946441149,1.9916095733642578
19.050651097,1.9836652278900146
19.050695908,1.9836652278900146
19.152170332,1.984925389289856
19.152377168,1.984925389289856
19.25799099,1.9940645694732666
19.25808192,1.9940645694732666
19.356736267,1.9937602281570435
19.35688063,1.9937602281570435
19.464462117,1.9842160940170288
19.464742647,1.9842160940170288
19.566728197,1.9834976196289062
19.5674703,1.9834976196289062
19.670750592,1.986173152923584
19.67095549,1.986173152923584
19.772275654,1.9879422187805176
19.772468614,1.9879422187805176
19.87981034,1.9896326065063477
19.880086158,1.9896326065063477
19.980363941,1.9872535467147827
19.980396281,1.9872535467147827
20.086577982,1.9848742485046387
20.086986411,1.9848742485046387
20.189398771,1.9866275787353516
20.189808763,1.9866275787353516
20.297530464,1.9869530200958252
20.297641185,1.9869530200958252
20.397798276,1.981726884841919
20.398160166,1.981726884841919
20.509403913,1.9857877492904663
20.509843642,1.9857877492904663
20.619858497,1.9802143573760986
20.619896111,1.9802143573760986
20.719413141,1.9795691967010498
20.719475099,1.9795691967010498
20.810072247,1.9794437885284424
20.810197881,1.9794437885284424
20.922957092,1.9882423877716064
20.923401917,1.9882423877716064
21.035697405,1.9815729856491089
21.035924513,1.9815729856491089
21.158040973,1.9820783138275146
21.158157309,1.9820783138275146
21.257729395,1.983028531074524
21.257798757,1.983028531074524
21.371239738,1.9900799989700317
21.371278949,1.9900799989700317
21.481940321,1.9835995435714722
21.482236001,1.9835995435714722
21.55620061,1.9853968620300293
21.556308651,1.9853968620300293
21.668168323,1.9909464120864868
21.668473538,1.9909464120864868
21.781240954,1.988063931465149
21.78128875,1.988063931465149
21.893023427,1.986461877822876
21.893051204,1.986461877822876
21.967381204,1.9842342138290405
21.967421993,1.9842342138290405
22.063687077,1.9946736097335815
22.063740459,1.9946736097335815
22.171465892,1.9777050018310547
22.171501755,1.9777050018310547
22.269663647,1.9856237173080444
22.269694292,1.9856237173080444
22.373626214,1.9778780937194824
22.373929173,1.9778780937194824
22.475427022,1.9889756441116333
22.475503949,1.9889756441116333
22.580158112,1.9866125583648682
22.580473265,1.9866125583648682
22.682288741,1.9774460792541504
22.682369992,1.9774460792541504
22.784750291,1.9794702529907227
22.784789256,1.9794702529907227
22.89154443,1.9901392459869385
22.891744793,1.9901392459869385
22.994913898,1.9869096279144287
22.995045223,1.9869096279144287
23.095649398,1.9866820573806763
23.095719545,1.9866820573806763
23.201262083,1.9924396276474
23.201301107,1.9924396276474
23.302003498,1.9812414646148682
23.302392115,1.9812414646148682
23.406841242,1.981770396232605
23.406868514,1.981770396232605
23.508521817,1.9927377700805664
23.508955536,1.9927377700805664
23.613468377,1.9969834089279175
23.613814372,1.9969834089279175
23.714428923,1.987163782119751
23.714931931,1.987163782119751
23.820853063,1.9787707328796387
23.820878588,1.9787707328796387
23.919871774,1.990473747253418
23.919901991,1.990473747253418
24.024219633,1.9773732423782349
24.024621311,1.9773732423782349
24.125165447,1.994688868522644
24.12520728,1.994688868522644
24.226579955,1.9838190078735352
24.226934485,1.9838190078735352
24.32903313,1.9808350801467896
24.32905869,1.9808350801467896
24.43474949,1.9916845560073853
24.434787976,1.9916845560073853
24.537647117,1.9956607818603516
24.537958274,1.9956607818603516
24.643463525,1.9782549142837524
24.643748008,1.9782549142837524
24.746956946,1.988262414932251
24.747057239,1.988262414932251
24.854098447,1.9887874126434326
24.854147722,1.9887874126434326
24.955194167,1.9825153350830078
24.9553192,1.9825153350830078
25.071627773,1.9779953956604004
25.071815245,1.9779953956604004
25.18365278,1.9753332138061523
25.184118893,1.9753332138061523
25.296555173,1.984632968902588
25.296586042,1.984632968902588
25.372978149,1.9881343841552734
25.373043893,1.9881343841552734
25.46739945,1.9972867965698242
25.467436415,1.9972867965698242
25.569687402,1.9770885705947876
25.569746659,1.9770885705947876
25.675000273,1.9884978532791138
25.675051162,1.9884978532791138
25.774744759,1.9724242687225342
25.77486474,1.9724242687225342
25.882977386,1.983278751373291
25.883041566,1.983278751373291
25.98095899,1.982526421546936
25.981349619,1.982526421546936
26.096085009,1.989766240119934
26.09616184,1.989766240119934
26.207644607,1.9904688596725464
26.208039727,1.9904688596725464
26.317546541,1.982861042022705
26.31759,1.982861042022705
26.39608355,1.9902236461639404
26.396316943,1.9902236461639404
26.514176407,1.9828871488571167
26.514250008,1.9828871488571167
26.622044331,1.9909369945526123
26.62208596,1.9909369945526123
26.7222543,1.9876044988632202
26.722294453,1.9876044988632202
26.821770261,1.9864660501480103
26.821806799,1.9864660501480103
26.924962285,1.9821146726608276
26.925274162,1.9821146726608276
27.024802011,1.9881123304367065
27.025074948,1.9881123304367065
27.131253628,1.9949036836624146
27.131282447,1.9949036836624146
27.232002727,1.992719054222107
27.232113438,1.992719054222107
27.335391526,1.99004328250885
27.335427817,1.99004328250885
27.43655558,1.983614444732666
27.436591232,1.983614444732666
27.541793722,1.976068139076233
27.541834078,1.976068139076233
27.642361055,1.9903903007507324
27.64240143,1.9903903007507324
27.743916411,1.9925081729888916
27.744015559,1.9925081729888916
27.846208232,1.9926139116287231
27.846538132,1.9926139116287231
27.948512099,1.9889782667160034
27.948538945,1.9889782667160034
28.049527629,1.9803049564361572
28.049709194,1.9803049564361572
28.154074279,1.9789994955062866
28.154423657,1.9789994955062866
28.254216924,1.9837970733642578
28.254254689,1.9837970733642578
28.358297034,1.9862442016601562
28.35870991,1.9862442016601562
28.460950052,1.994120478630066
28.460991632,1.994120478630066
28.56464202,1.9815587997436523
28.564688742,1.9815587997436523
28.682256818,1.9871987104415894
28.682296675,1.9871987104415894
28.794366103,1.9819318056106567
28.794741063,1.9819318056106567
28.906042897,1.986797571182251
28.906106081,1.986797571182251
28.98009378,1.9844228029251099
28.980467206,1.9844228029251099
29.081776487,1.9920238256454468
29.082115133,1.9920238256454468
29.195651253,1.99067223072052
29.195684782,1.99067223072052
29.28401814,1.9877870082855225
29.284340062,1.9877870082855225
29.38640612,1.9847477674484253
29.386442844,1.9847477674484253
29.490399874,1.9790422916412354
29.490676742,1.9790422916412354
29.654365732,1.9798818826675415
29.658087242,1.9798818826675415
29.810325644,1.980393648147583
29.811991677,1.980393648147583
29.903343682,1.9810394048690796
29.90338146,1.9810394048690796
29.999162478,1.9854108095169067
29.999319825,1.9854108095169067
30.106525341,1.9810593128204346
30.106561406,1.9810593128204346
30.205677557,1.9772236347198486
30.205715699,1.9772236347198486
30.311019879,1.987668752670288
30.311059932,1.987668752670288
30.412689618,1.9831160306930542
30.412752465,1.9831160306930542
30.515048819,1.9867393970489502
30.515078535,1.9867393970489502
30.616786898,1.9850739240646362
30.61682941,1.9850739240646362
30.721476414,1.9811594486236572
30.721514518,1.9811594486236572
30.837167543,1.9895919561386108
30.83721106,1.9895919561386108
30.939243561,1.9851093292236328
30.939267517,1.9851093292236328
31.027790966,1.9986318349838257
31.027850159,1.9986318349838257
31.14107031,1.9983032941818237
31.141097633,1.9983032941818237
31.250804584,1.9924108982086182
31.250846717,1.9924108982086182
31.346205988,1.997488021850586
31.346592389,1.997488021850586
31.436357961,1.9940943717956543
31.436397887,1.9940943717956543
31.542453294,1.995440125465393
31.54248609,1.995440125465393
31.644112489,1.9959746599197388
31.64425277,1.9959746599197388
31.753717122,1.9747239351272583
31.754144782,1.9747239351272583
31.854147258,1.9696600437164307
31.854441561,1.9696600437164307
31.958624756,1.9471306800842285
31.958965492,1.9471306800842285
32.060357783,1.9446941614151
32.060734947,1.9446941614151
32.166477638,1.911679744720459
32.166504712,1.911679744720459
32.267848253,1.8893471956253052
32.267873147,1.8893471956253052
32.370962688,1.875690221786499
32.371021073,1.875690221786499
32.472796098,1.84555983543396
32.472831656,1.84555983543396
32.575251113,1.8240245580673218
32.575551167,1.8240245580673218
32.67872075,1.808890461921692
32.678918953,1.808890461921692
32.780757496,1.7671335935592651
32.780795761,1.7671335935592651
32.895125229,1.766239881515503
32.89517818,1.766239881515503
33.00175303,1.7510600090026855
33.001792564,1.7510600090026855
33.101137668,1.7371329069137573
33.101166939,1.7371329069137573
33.205684414,1.7290267944335938
33.205790362,1.7290267944335938
33.306617596,1.7152056694030762
33.306643621,1.7152056694030762
33.40917106,1.7041144371032715
33.409196029,1.7041144371032715
33.511516732,1.6936899423599243
33.511546878,1.6936899423599243
33.614723317,1.667365312576294
33.614761837,1.667365312576294
33.715639903,1.634375810623169
33.715834274,1.634375810623169
33.823257606,1.5898973941802979
33.82329005,1.5898973941802979
33.924255373,1.5606275796890259
33.924293129,1.5606275796890259
34.031745073,1.510815978050232
34.031785849,1.510815978050232
34.133607547,1.4843839406967163
34.133653425,1.4843839406967163
34.236427895,1.4618561267852783
34.236488553,1.4618561267852783
34.340140974,1.4162565469741821
34.340210141,1.4162565469741821
34.444903292,1.384779453277588
34.445160941,1.384779453277588
34.551549059,1.3501925468444824
34.551587427,1.3501925468444824
34.657590463,1.2983417510986328
34.65762851,1.2983417510986328
34.765262333,1.265954613685608
34.765301684,1.265954613685608
34.866408194,1.2355700731277466
34.866436507,1.2355700731277466
34.97726406,1.1901427507400513
34.977560021,1.1901427507400513
35.088546021,1.153792381286621
35.088594212,1.153792381286621
35.172821,1.1167231798171997
35.173021371,1.1167231798171997
35.279016967,1.0833700895309448
35.279063789,1.0833700895309448
35.377432351,1.0441374778747559
35.377767304,1.0441374778747559
35.484390797,1.0012578964233398
35.484709465,1.0012578964233398
35.583114814,0.9576336741447449
35.583442336,0.9576336741447449
35.696535045,0.9132232666015625
35.696820714,0.9132232666015625
35.787239228,0.8798968195915222
35.787600185,0.8798968195915222
35.890023477,0.8455144166946411
35.890062416,0.8455144166946411
35.993195597,0.8012006282806396
35.993240748,0.8012006282806396
36.094811492,0.7574890851974487
36.095241469,0.7574890851974487
36.198527029,0.7166518568992615
36.198568023,0.7166518568992615
36.301330275,0.6733436584472656
36.30155311,0.6733436584472656
36.40682999,0.6375738382339478
36.406858621,0.6375738382339478
36.512173079,0.602979838848114
36.512496903,0.602979838848114
36.613298372,0.5559894442558289
36.613664067,0.5559894442558289
36.717438032,0.5109691619873047
36.717794919,0.5109691619873047
36.819390118,0.4763263761997223
36.819727042,0.4763263761997223
36.924233742,0.4436338245868683
36.924267703,0.4436338245868683
37.024801478,0.4064602255821228
37.024867987,0.4064602255821228
37.130454856,0.3629066050052643
37.130484125,0.3629066050052643
37.229450237,0.3201741576194763
37.22948832,0.3201741576194763
37.333731948,0.29575449228286743
37.333883865,0.29575449228286743
37.434776659,0.26493480801582336
37.434844619,0.26493480801582336
37.540268551,0.23842398822307587
37.540307455,0.23842398822307587
37.642184175,0.21674863994121552
37.642220378,0.21674863994121552
37.745167206,0.20313851535320282
37.745192693,0.20313851535320282
37.851915487,0.1791413277387619
37.851954015,0.1791413277387619
37.959345173,0.1612682044506073
37.959373043,0.1612682044506073
38.067920448,0.1556752324104309
38.068260959,0.1556752324104309
38.177910186,0.15000000596046448
38.177963821,0.15000000596046448
38.294162583,0.15000000596046448
38.294212976,0.15000000596046448
38.408056779,0.15000000596046448
38.408131962,0.15000000596046448
38.508182004,0.1641424000263214
38.508236235,0.1641424000263214
38.628650479,0.16361910104751587
38.628724137,0.16361910104751587
38.747593024,0.1716141402721405
38.747954608,0.1716141402721405
38.84215205,0.17377059161663055
38.842194709,0.17377059161663055
38.937245724,0.18704594671726227
38.93728504,0.18704594671726227
39.043577934,0.19034364819526672
39.043615267,0.19034364819526672
39.149595401,0.19669018685817719
39.14963705,0.19669018685817719
39.260502544,0.1903170943260193
39.260615594,0.1903170943260193
39.36845171,0.18672320246696472
39.368478664,0.18672320246696472
39.476255996,0.19192591309547424
39.476289608,0.19192591309547424
39.591461168,0.19422166049480438
39.591495607,0.19422166049480438
39.717772172,0.19687454402446747
39.717976635,0.19687454402446747
39.834788104,0.19171707332134247
39.834843809,0.19171707332134247
39.945366466,0.1882033497095108
39.945480156,0.1882033497095108
40.051625144,0.1940503567457199
40.051824187,0.1940503567457199
40.161680086,0.19391264021396637
40.161704133,0.19391264021396637
40.269583487,0.1829865723848343
40.269610095,0.1829865723848343
40.393850676,0.1881776750087738
40.393889004,0.1881776750087738
40.507076223,0.19390752911567688
40.50711656,0.19390752911567688
40.625835442,0.19384019076824188
40.625980613,0.19384019076824188
40.742443953,0.1887349933385849
40.742650047,0.1887349933385849
40.858948933,0.18171174824237823
40.859126056,0.18171174824237823
40.957805231,0.1871395707130432
40.957841885,0.1871395707130432
41.067321636,0.19180303812026978
41.067516767,0.19180303812026978
41.175340499,0.19163919985294342
41.175436778,0.19163919985294342
41.285443379,0.19276253879070282
41.285524878,0.19276253879070282
41.390871303,0.19261454045772552
41.39107843,0.19261454045772552
41.50151488,0.19156551361083984
41.50167641,0.19156551361083984
41.6096117,0.2009570598602295
41.609646159,0.2009570598602295
41.720175622,0.19939707219600677
41.720303811,0.19939707219600677
41.833802284,0.20240308344364166
41.834051509,0.20240308344364166
41.95164522,0.20021432638168335
41.951676585,0.20021432638168335
42.065592796,0.21065880358219147
42.066109671,0.21065880358219147
42.18294594,0.2079876959323883
42.183235353,0.2079876959323883
42.283795312,0.21214811503887177
42.283835366,0.21214811503887177
42.393733005,0.2091711312532425
42.393763662,0.2091711312532425
42.499430112,0.21509374678134918
42.499458091,0.21509374678134918
42.60509242,0.2156512290239334
42.605166276,0.2156512290239334
42.726252537,0.22004204988479614
42.726302272,0.22004204988479614
42.832460173,0.21820682287216187
42.832539019,0.21820682287216187
42.945754468,0.23558157682418823
42.945827208,0.23558157682418823
43.051879985,0.2372039258480072
43.052163913,0.2372039258480072
43.154189761,0.25201910734176636
43.154232371,0.25201910734176636
43.260003082,0.2736779749393463
43.260055743,0.2736779749393463
43.362865254,0.29672518372535706
43.363150893,0.29672518372535706
43.471276535,0.326667845249176
43.471302858,0.326667845249176
43.578615062,0.36934998631477356
43.578645028,0.36934998631477356
43.681451473,0.42577028274536133
43.681480457,0.42577028274536133
43.78277202,0.5258935689926147
43.783108263,0.5258935689926147
43.926216379,1.7251853942871094
43.927403824,1.7251853942871094
44.033479937,1.687469482421875
44.033571007,1.687469482421875
44.122622533,1.6480246782302856
44.122971966,1.6480246782302856
44.221739194,1.6142246723175049
44.221983239,1.6142246723175049
44.331055891,1.576658010482788
44.331190539,1.576658010482788
44.434232357,1.527608871459961
44.434622164,1.527608871459961
44.540434434,1.4903221130371094
44.540471741,1.4903221130371094
44.640138413,1.4554502964019775
44.640435725,1.4554502964019775
44.751745153,1.412941575050354
44.751770849,1.412941575050354
44.855433327,1.374808430671692
44.855458289,1.374808430671692
44.95515104,1.3273749351501465
44.955179964,1.3273749351501465
45.063078465,1.2918821573257446
45.063139486,1.2918821573257446
45.1621104,1.2651019096374512
45.162136601,1.2651019096374512
45.26321824,1.2275936603546143
45.263298659,1.2275936603546143
45.367802993,1.2071528434753418
45.367858051,1.2071528434753418
45.47050701,1.189813256263733
45.470548679,1.189813256263733
45.578961612,1.184082269668579
45.579177736,1.184082269668579
45.682363881,1.1711463928222656
45.682396099,1.1711463928222656
45.783494674,1.1654036045074463
45.783743189,1.1654036045074463
45.882629074,1.154586672782898
45.882746243,1.154586672782898
45.992646154,1.162688970565796
45.9930234,1.162688970565796
46.089505651,1.173620581626892
46.089544221,1.173620581626892
46.191472798,1.1724365949630737
46.191695432,1.1724365949630737
46.295176458,1.1757477521896362
46.295202846,1.1757477521896362
46.40156498,1.1671432256698608
46.401591876,1.1671432256698608
46.510065219,1.1780368089675903
46.510102299,1.1780368089675903
46.615834746,1.1905165910720825
46.616217367,1.1905165910720825
46.718073387,1.1839812994003296
46.718313428,1.1839812994003296
46.823534909,1.1884037256240845
46.823564599,1.1884037256240845
46.924449608,1.1903526782989502
46.924642452,1.1903526782989502
47.02888876,1.189434289932251
47.029092132,1.189434289932251
47.128991358,1.1997233629226685
47.129088255,1.1997233629226685
47.236495659,1.2035911083221436
47.236594256,1.2035911083221436
47.335248424,1.2034451961517334
47.335376519,1.2034451961517334
47.4460501,1.2071667909622192
47.446436795,1.2071667909622192
47.543828637,1.2101002931594849
47.543866419,1.2101002931594849
47.647253911,1.2205803394317627
47.647290682,1.2205803394317627
47.749839551,1.2244806289672852
47.749883475,1.2244806289672852
47.850556714,1.2184749841690063
47.850644394,1.2184749841690063
47.95334821,1.2291858196258545
47.953383387,1.2291858196258545
48.062710188,1.236618995666504
48.062767463,1.236618995666504
48.158034133,1.238490343093872
48.158072393,1.238490343093872
48.26235003,1.0646097660064697
48.262475424,1.0646097660064697
48.364052211,0.9955331087112427
48.364091643,0.9955331087112427
48.465794894,0.9621894955635071
48.465836491,0.9621894955635071
48.568790184,0.9273224472999573
48.568905586,0.9273224472999573
48.670663735,0.8976365923881531
48.670697758,0.8976365923881531
48.774632427,0.8755640983581543
48.774826473,0.8755640983581543
48.879741468,0.8689066767692566
48.879780373,0.8689066767692566
49.000258604,0.8506386280059814
49.000303004,0.8506386280059814
49.10363082,0.8493205904960632
49.103771915,0.8493205904960632
49.217729151,0.8293470740318298
49.217758836,0.8293470740318298
49.321800437,0.8210972547531128
49.321838655,0.8210972547531128
49.405469521,0.8194791674613953
49.4058682,0.8194791674613953
49.501223416,0.8114818930625916
49.501249528,0.8114818930625916
49.602288204,0.8116673231124878
49.602573537,0.8116673231124878
49.705511781,0.8026242256164551
49.705841638,0.8026242256164551
49.809096816,0.7988450527191162
49.811993006,0.7988450527191162
49.918764482,0.7965123653411865
49.919355599,0.7965123653411865
50.018790283,0.788802981376648
50.018920664,0.788802981376648
50.134994322,0.7837619781494141
50.135076144,0.7837619781494141
50.241872045,0.7774691581726074
50.242119404,0.7774691581726074
50.338605926,0.7708430290222168
50.338647101,0.7708430290222168
50.430888562,0.7660050392150879
50.431162115,0.7660050392150879
50.545393477,0.7596444487571716
50.545541747,0.7596444487571716
50.657643799,0.7607746124267578
50.657673959,0.7607746124267578
50.769601056,0.7469160556793213
50.769678224,0.7469160556793213
50.859045193,0.7477262616157532
50.859085445,0.7477262616157532
50.94759304,0.7498914003372192
50.947846064,0.7498914003372192
51.051310654,0.7359117269515991
51.051341464,0.7359117269515991
51.157921149,0.7256426811218262
51.158238968,0.7256426811218262
51.260552917,0.728089451789856
51.260769471,0.728089451789856
51.363862876,0.7184466123580933
51.364094651,0.7184466123580933
51.465045083,0.7193723320960999
51.465474367,0.7193723320960999
51.569430476,0.7030491232872009
51.569458791,0.7030491232872009
51.673343502,0.7019277215003967
51.673373661,0.7019277215003967
51.776037722,0.7019440531730652
51.776263843,0.7019440531730652
51.877717678,0.6894190907478333
51.877748242,0.6894190907478333
51.98202647,0.6916975975036621
51.982153315,0.6916975975036621
52.08711923,0.6846084594726562
52.087179856,0.6846084594726562
52.188386371,0.67863529920578
52.188507983,0.67863529920578
52.289517755,0.6610434651374817
52.289847399,0.6610434651374817
52.394295715,0.6716794967651367
52.394662252,0.6716794967651367
52.496762712,0.6664791703224182
52.497082259,0.6664791703224182
52.604212598,0.6638975739479065
52.604277707,0.6638975739479065
52.701456245,0.6591381430625916
52.70161613,0.6591381430625916
52.813675743,0.6577752232551575
52.81371456,0.6577752232551575
52.911342341,0.6494470834732056
52.911381894,0.6494470834732056
53.018497673,0.6455680131912231
53.018551062,0.6455680131912231
53.125565137,0.6427310705184937
53.125720113,0.6427310705184937
53.233179951,0.6343514919281006
53.233443032,0.6343514919281006
53.340789339,0.6319986581802368
53.340828012,0.6319986581802368
53.44848601,0.6334824562072754
53.448522239,0.6334824562072754
53.55317296,0.623996913433075
53.553286614,0.623996913433075
53.647431829,0.6068064570426941
53.64750925,0.6068064570426941
53.733015258,0.6154977083206177
53.733053623,0.6154977083206177
53.844247756,0.6069090366363525
53.844668713,0.6069090366363525
53.949480812,0.6005632877349854
53.949507306,0.6005632877349854
54.053972248,0.5861107707023621
54.054038465,0.5861107707023621
54.144050329,0.5936566591262817
54.144092322,0.5936566591262817
54.248789272,0.5908200740814209
54.249121793,0.5908200740814209
54.350730506,0.5927887558937073
54.350962478,0.5927887558937073
54.455416184,0.5952123999595642
54.455456957,0.5952123999595642
54.556778297,0.5956513285636902
54.556814527,0.5956513285636902
54.660556807,0.582965075969696
54.660592967,0.582965075969696
54.762728567,0.5860053300857544
54.762888076,0.5860053300857544
54.864928178,0.5913577675819397
54.864966019,0.5913577675819397
54.967084736,0.5928826332092285
54.967123635,0.5928826332092285
55.073335209,0.5792801976203918
55.073516538,0.5792801976203918
55.176915817,0.5922828316688538
55.176940751,0.5922828316688538
55.281055833,0.5933576822280884
55.28151691,0.5933576822280884
55.383660032,0.5958501100540161
55.383759674,0.5958501100540161
55.487070977,0.591831624507904
55.487147317,0.591831624507904
55.59053019,0.5874162912368774
55.590773745,0.5874162912368774
55.69420725,0.5940185189247131
55.694534721,0.5940185189247131
55.797204593,0.5904030799865723
55.797247718,0.5904030799865723
55.905208416,0.5930152535438538
55.905236514,0.5930152535438538
56.005184766,0.592115044593811
56.00522951,0.592115044593811
56.109169202,0.5790253281593323
56.10924002,0.5790253281593323
56.210264248,0.5972295999526978
56.210602493,0.5972295999526978
56.315274517,0.596484899520874
56.315298188,0.596484899520874
56.417049065,0.5869380235671997
56.417088833,0.5869380235671997
56.521463382,0.5966314077377319
56.521560348,0.5966314077377319
56.622802957,0.5819451808929443
56.622857674,0.5819451808929443
56.726671417,0.5938118100166321
56.726775346,0.5938118100166321
56.828207652,0.5971769094467163
56.828237062,0.5971769094467163
56.931942241,0.5940970778465271
56.931976468,0.5940970778465271
57.036069979,0.5822203159332275
57.036222378,0.5822203159332275
57.140345458,0.5984582901000977
57.14042109,0.5984582901000977
57.242745264,0.5895297527313232
57.243123623,0.5895297527313232
57.346810699,0.5934468507766724
57.347228667,0.5934468507766724
57.44759808,0.5897282958030701
57.447709631,0.5897282958030701
57.551402771,0.5860326290130615
57.551429435,0.5860326290130615
57.653160585,0.5972345471382141
57.653494636,0.5972345471382141
57.756514582,0.5955641269683838
57.756700103,0.5955641269683838
57.860839505,0.5842294692993164
57.860899882,0.5842294692993164
57.965727302,0.5949003100395203
57.965764931,0.5949003100395203
58.068903491,0.5916927456855774
58.069264353,0.5916927456855774
58.172151326,0.5939990282058716
58.172176768,0.5939990282058716
58.272545481,0.5926180481910706
58.272903106,0.5926180481910706
58.376766131,0.5907822251319885
58.377225879,0.5907822251319885
58.477510001,0.5893073081970215
58.477986945,0.5893073081970215
58.5829581,0.589608371257782
58.583169026,0.589608371257782
58.685075218,0.5961505174636841
58.685402627,0.5961505174636841
58.793476271,0.5896969437599182
58.793517647,0.5896969437599182
58.91232268,0.598901093006134
58.914289229,0.598901093006134
59.020116154,0.5938320159912109
59.020150445,0.5938320159912109
59.119509682,0.5998650789260864
59.119600884,0.5998650789260864
59.225583753,0.5936076641082764
59.225661842,0.5936076641082764
59.324861088,0.5924160480499268
59.324913905,0.5924160480499268
59.428367259,0.58314049243927
59.428674641,0.58314049243927
59.53119971,0.5960447788238525
59.531229296,0.5960447788238525
59.639800029,0.584419310092926
59.639893276,0.584419310092926
59.745917483,0.5961390733718872
59.745955778,0.5961390733718872
59.849548201,0.5930571556091309
59.849576602,0.5930571556091309
59.9529769,0.587340235710144
59.953025299,0.587340235710144
60.046178656,0.5904114842414856
60.046203621,0.5904114842414856
60.145606073,0.5962874293327332
60.145642326,0.5962874293327332
60.251631124,0.5937455296516418
60.251669173,0.5937455296516418
60.353034877,0.5902207493782043
60.35307706,0.5902207493782043
60.457822367,0.5935611724853516
60.457913106,0.5935611724853516
60.556516597,0.586871862411499
60.556765153,0.586871862411499
60.66152816,0.5907692909240723
60.661610897,0.5907692909240723
60.763385579,0.5934334993362427
60.763411315,0.5934334993362427
60.867342626,0.5855465531349182
60.867377701,0.5855465531349182
60.968628643,0.5897276997566223
60.968775007,0.5897276997566223
61.07115544,0.5855846405029297
61.071179613,0.5855846405029297
61.174109143,0.5893407464027405
61.17419979,0.5893407464027405
61.284446238,0.5985205173492432
61.284474689,0.5985205173492432
61.380964679,0.591987669467926
61.38108675,0.591987669467926
61.486023463,0.5941721200942993
61.486054416,0.5941721200942993
61.589761539,0.5906826257705688
61.589806046,0.5906826257705688
61.696927763,0.5947056412696838
61.696970465,0.5947056412696838
61.798352414,0.5927538275718689
61.798518241,0.5927538275718689
61.902318301,0.5980820655822754
61.902406577,0.5980820655822754
62.002645022,0.5861585736274719
62.003145853,0.5861585736274719
62.108965244,0.5932866930961609
62.109221862,0.5932866930961609
62.209800222,0.5955685377120972
62.209838708,0.5955685377120972
62.314434788,0.6026003956794739
62.314460615,0.6026003956794739
62.413364429,0.5977680683135986
62.413392015,0.5977680683135986
62.516522564,0.6041140556335449
62.516929941,0.6041140556335449
62.617925592,0.599504828453064
62.617947798,0.599504828453064
62.72139033,0.6190834641456604
62.721418215,0.6190834641456604
62.822997051,0.6135421395301819
62.823043597,0.6135421395301819
62.925676602,0.6104398965835571
62.925701973,0.6104398965835571
63.028761617,0.6275877952575684
63.028805868,0.6275877952575684
63.132525426,0.6257626414299011
63.132565673,0.6257626414299011
63.232567915,0.6298841238021851
63.232596533,0.6298841238021851
63.337247068,0.645016610622406
63.337273866,0.645016610622406
63.435809074,0.6284260749816895
63.435847879,0.6284260749816895
63.538643218,0.6547164916992188
63.5386876,0.6547164916992188
63.64321989,0.6498835682868958
63.643364799,0.6498835682868958
63.745402931,0.6473947167396545
63.74571821,0.6473947167396545
63.848045829,0.6602033376693726
63.848085013,0.6602033376693726
63.951245947,0.6606119275093079
63.951271026,0.6606119275093079
64.054194936,0.6765661835670471
64.054243494,0.6765661835670471
64.157660547,0.6778857111930847
64.157797778,0.6778857111930847
64.260709791,0.6769741773605347
64.260747463,0.6769741773605347
64.365306914,0.6831538677215576
64.365347063,0.6831538677215576
64.468136922,0.6856038570404053
64.468219975,0.6856038570404053
64.571388286,0.6915152668952942
64.571425866,0.6915152668952942
64.672472757,0.7036630511283875
64.672794329,0.7036630511283875
64.774765872,0.7073754072189331
64.77480269,0.7073754072189331
64.881354344,0.7115141749382019
64.881445243,0.7115141749382019
64.984428646,0.7102386355400085
64.984458992,0.7102386355400085
65.086450526,0.7246031165122986
65.086813229,0.7246031165122986
65.189738262,0.7292872667312622
65.189991227,0.7292872667312622
65.290662056,0.7344499230384827
65.290928232,0.7344499230384827
65.394813412,0.7417109608650208
65.394857524,0.7417109608650208
65.496476123,0.7472497820854187
65.49667677,0.7472497820854187
65.600297776,0.7473305463790894
65.600443328,0.7473305463790894
65.701632617,0.7604498267173767
65.70167062,0.7604498267173767
65.804958754,0.7653412818908691
65.80519806,0.7653412818908691
65.906643047,0.7627133727073669
65.906670232,0.7627133727073669
66.011255844,0.7637324929237366
66.011642707,0.7637324929237366
66.113000693,0.7753888368606567
66.113097658,0.7753888368606567
66.218142157,0.7760784029960632
66.218184858,0.7760784029960632
66.31698806,0.7911005020141602
66.317028847,0.7911005020141602
66.419853696,0.7927054762840271
66.41989648,0.7927054762840271
66.525458959,0.7948118448257446
66.525762549,0.7948118448257446
66.624490615,0.8016688227653503
66.624519751,0.8016688227653503
66.728970073,0.8045108318328857
66.729170917,0.8045108318328857
66.831922698,0.8143373727798462
66.831963816,0.8143373727798462
66.933583945,0.8134609460830688
66.933626051,0.8134609460830688
67.036750084,0.8093927502632141
67.036786186,0.8093927502632141
67.137050006,0.8268721699714661
67.137362581,0.8268721699714661
67.241597766,0.8373385667800903
67.241639854,0.8373385667800903
67.339657285,0.8548502922058105
67.339693733,0.8548502922058105
67.443605945,0.8648956418037415
67.44364386,0.8648956418037415
67.547451618,0.874306857585907
67.547488946,0.874306857585907
67.649873803,0.9001902341842651
67.64989597,0.9001902341842651
67.751562163,0.9063502550125122
67.751600265,0.9063502550125122
67.856170498,0.9348072409629822
67.856207536,0.9348072409629822
67.973587813,0.9779707193374634
67.973955332,0.9779707193374634
68.073976583,1.0406309366226196
68.074376521,1.0406309366226196
68.174588542,1.2371923923492432
68.174610976,1.2371923923492432
68.277367135,1.2396587133407593
68.277595791,1.2396587133407593
68.378577145,1.2303639650344849
68.378926482,1.2303639650344849
68.483863201,1.236987829208374
68.484401671,1.236987829208374
68.585298117,1.228809118270874
68.585393622,1.228809118270874
68.690600015,1.2261648178100586
68.690958706,1.2261648178100586
68.791111068,1.2241380214691162
68.791139818,1.2241380214691162
68.895017665,1.220648169517517
68.895209159,1.220648169517517
68.996471867,1.2159955501556396
68.996500706,1.2159955501556396
69.101046768,1.208986520767212
69.101149889,1.208986520767212
69.201302022,1.2113635540008545
69.201344484,1.2113635540008545
69.307621508,1.2010926008224487
69.307652741,1.2010926008224487
69.405926824,1.2016862630844116
69.406252344,1.2016862630844116
69.51028674,1.1956751346588135
69.51075139,1.1956751346588135
69.613250305,1.197843313217163
69.61349084,1.197843313217163
69.718516425,1.1869012117385864
69.718552582,1.1869012117385864
69.819123746,1.1944483518600464
69.819163915,1.1944483518600464
69.923085161,1.1891026496887207
69.923437318,1.1891026496887207
70.024648316,1.1882834434509277
70.024674976,1.1882834434509277
70.134088899,1.1756561994552612
70.134342645,1.1756561994552612
70.229722949,1.1844545602798462
70.229770661,1.1844545602798462
70.334332398,1.174585223197937
70.334670849,1.174585223197937
70.435147791,1.1742143630981445
70.435232971,1.1742143630981445
70.550188041,1.1751713752746582
70.55056043,1.1751713752746582
70.650438163,1.1808571815490723
70.650508034,1.1808571815490723
70.754628987,1.1687750816345215
70.754656313,1.1687750816345215
70.8614332,1.169477105140686
70.861471481,1.169477105140686
70.965166376,1.164868950843811
70.965337472,1.164868950843811
71.06382547,1.1627070903778076
71.063865428,1.1627070903778076
71.170658534,1.167396068572998
71.170809396,1.167396068572998
71.272635005,1.1734719276428223
71.272677687,1.1734719276428223
71.376270153,1.1743732690811157
71.376538092,1.1743732690811157
71.478838928,1.1629223823547363
71.479208505,1.1629223823547363
71.582560005,1.1589864492416382
71.582593243,1.1589864492416382
71.683864209,1.1685564517974854
71.683971356,1.1685564517974854
71.791207791,1.165930151939392
71.791332336,1.165930151939392
71.901781426,1.1637160778045654
71.902100312,1.1637160778045654
72.000195445,1.1605989933013916
72.00023818,1.1605989933013916
72.102331907,1.1699236631393433
72.102697595,1.1699236631393433
72.210146753,1.1641817092895508
72.210440359,1.1641817092895508
72.315116694,1.1710351705551147
72.315288165,1.1710351705551147
72.421906008,1.167426347732544
72.421967666,1.167426347732544
72.52929993,1.1700518131256104
72.529903938,1.1700518131256104
72.634383134,1.1656113862991333
72.634413844,1.1656113862991333
72.732766863,1.1566601991653442
72.732957951,1.1566601991653442
72.833238297,1.164536476135254
72.833277108,1.164536476135254
72.935851793,1.1655189990997314
72.935889414,1.1655189990997314
73.039905735,1.1690034866333008
73.039942688,1.1690034866333008
73.139772109,1.1619271039962769
73.139816632,1.1619271039962769
73.244188121,1.161424994468689
73.244214747,1.161424994468689
73.344969659,1.15944504737854
73.345017998,1.15944504737854
73.450170586,1.163264513015747
73.450535443,1.163264513015747
73.559179608,1.1694854497909546
73.560015698,1.1694854497909546
73.657692255,1.166394591331482
73.65773013,1.166394591331482
73.761060825,1.1707433462142944
73.761201513,1.1707433462142944
73.865823342,1.1685547828674316
73.86586283,1.1685547828674316
73.967401269,1.166718602180481
73.967471064,1.166718602180481
74.074001688,1.1575127840042114
74.074046674,1.1575127840042114
74.173426919,1.1552244424819946
74.173470132,1.1552244424819946
74.281674958,1.1703393459320068
74.281701135,1.1703393459320068
74.382153269,1.171418309211731
74.382193154,1.171418309211731
74.493302414,1.1722835302352905
74.493494731,1.1722835302352905
